{"f0": [173.65694297968722, 71.88071357743797], "energy": [-1.396905541419983, 9.03332233428955, 50.75738669288548, 36.002909350844035], "spec_min": [-6.971896171569824, -7.791507720947266, -9.492494583129883, -9.42617416381836, -9.72932243347168, -10.305700302124023, -10.1533203125, -11.512925148010254, -10.718193054199219, -11.512925148010254, -11.237325668334961, -11.223065376281738, -11.294198036193848, -11.454107284545898, -11.336674690246582, -11.512925148010254, -11.387056350708008, -11.512925148010254, -11.512925148010254, -11.512925148010254, -11.512925148010254, -11.512925148010254, -11.512925148010254, -11.512925148010254, -11.512925148010254, -11.512925148010254, -11.512925148010254, -11.512925148010254, -11.512925148010254, -11.512925148010254, -11.512925148010254, -11.512925148010254, -11.512925148010254, -11.512925148010254, -11.512925148010254, -11.512925148010254, -11.512925148010254, -11.512925148010254, -11.512925148010254, -11.512925148010254, -11.512925148010254, -11.512925148010254, -11.512925148010254, -11.512925148010254, -11.512925148010254, -11.512925148010254, -11.512925148010254, -11.512925148010254, -11.512925148010254, -11.512925148010254, -11.512925148010254, -11.512925148010254, -11.512925148010254, -11.512925148010254, -11.512925148010254, -11.512925148010254, -11.512925148010254, -11.512925148010254, -11.512925148010254, -11.512925148010254, -11.512925148010254, -11.510009765625, -11.512925148010254, -11.512925148010254, -11.512925148010254, -11.512925148010254, -11.443819046020508, -11.512925148010254, -11.512925148010254, -11.512925148010254, -11.512925148010254, -11.482708930969238, -11.512925148010254, -11.512925148010254, -11.512925148010254, -11.512925148010254, -11.512925148010254, -11.330477714538574, -11.386509895324707, -11.441125869750977], "spec_max": [2.2276132106781006, 1.1983938217163086, 1.5979127883911133, 2.0622293949127197, 1.8686307668685913, 2.0501527786254883, 2.065021276473999, 2.158129930496216, 1.9861854314804077, 1.898863673210144, 2.0048844814300537, 1.8933205604553223, 2.0016841888427734, 1.992714285850525, 2.071993589401245, 1.9084502458572388, 1.9943794012069702, 2.084002733230591, 1.9077763557434082, 1.6859461069107056, 1.678171157836914, 1.7101268768310547, 1.755570411682129, 1.824920892715454, 1.760748267173767, 1.622801661491394, 1.7957231998443604, 1.9159914255142212, 2.1541354656219482, 1.8363494873046875, 1.6740305423736572, 1.7289128303527832, 1.665891170501709, 1.4974428415298462, 1.2655088901519775, 1.3132699728012085, 1.2480521202087402, 1.2083110809326172, 1.3028333187103271, 1.1177775859832764, 1.1005604267120361, 0.9943234920501709, 1.0124040842056274, 0.9457392692565918, 1.0819458961486816, 0.978388786315918, 0.6124438643455505, 0.5238468647003174, 0.5387644171714783, 0.5698137283325195, 0.8933886289596558, 0.9338653087615967, 1.0451442003250122, 0.5924362540245056, 0.5340638160705566, 0.915518045425415, 0.7561783194541931, 1.0401307344436646, 0.9821134209632874, 1.1020292043685913, 0.866472601890564, 0.800079882144928, 0.8735809326171875, 0.8734130859375, 0.6604995727539062, 0.747245728969574, 0.6618564128875732, 0.8003695011138916, 0.671720564365387, 0.4193093180656433, 0.5840585827827454, -0.009383458644151688, 0.12480954825878143, 0.08984144777059555, -0.22118142247200012, 0.13822418451309204, 0.44938334822654724, 0.048160042613744736, -0.0454137809574604, 0.08133795112371445], "max_seq_len": 1127}